Classifier,Accuracy,Precision,Recall,F1_Score,CV_Mean,CV_Std,Macro_AUC
RandomForest,0.8103174603174603,0.8081454164881701,0.8103174603174603,0.8089899773678052,0.798611111111111,0.006550624610801285,0.970569150499706
SVM,0.7341269841269841,0.7364672628990595,0.7341269841269841,0.7322573642859523,0.7212301587301587,0.01048024813193988,0.9459883891828338
GradientBoosting,0.792063492063492,0.7910149261067342,0.792063492063492,0.7910441393965034,0.7797619047619048,0.004208968935634196,0.9669242357436801
XGBoost,0.803968253968254,0.8077223660343222,0.803968253968254,0.8053926730751536,0.7942460317460318,0.009148525304284541,0.9688686801881247
LightGBM,0.8126984126984127,0.8160854918876218,0.8126984126984127,0.8141893721376109,0.7912698412698412,0.012384513122481929,0.9711643885949441
KNN,0.6873015873015873,0.7065005753797836,0.6873015873015874,0.6935173744823515,0.6837301587301587,0.010910894511799645,0.8971623309817756
LogisticRegression,0.7277777777777777,0.7243131079455531,0.7277777777777779,0.7241481338678711,0.7208333333333334,0.008819885226544758,0.9510273368606703
