Model,Test Accuracy,Precision,Recall,F1 Score,Parameters,Training Time (s),Avg Epoch Time (s),Model Size (MB),Best Val Acc,Best Val Loss,Avg Inference Time/Sample (ms),Acc_SNR_-20dB,Acc_SNR_-15dB,Acc_SNR_-10dB,Acc_SNR_-5dB,Acc_SNR_0dB,Acc_SNR_5dB,Acc_SNR_10dB,Acc_SNR_15dB,Acc_SNR_20dB
CNN1D,0.7693121693121693,0.7570173971544748,0.7693121693121693,0.7548814459258822,175303,192.16735090000293,12.807461066666777,2.030930519104004,0.7473572938689218,0.4884904194583852,1.1882136507930232,0.4230769230769231,0.5894736842105263,0.6981132075471698,0.8018867924528302,0.8645833333333334,0.8558558558558559,0.9134615384615384,0.8490566037735849,0.8974358974358975
CNNLSTM,0.6031746031746031,0.4791265965172075,0.6031746031746031,0.5249222231117766,76103,210.8841248000026,14.055424653333224,0.8910322189331055,0.5771670190274841,0.939340690855748,1.0208357671948973,0.3269230769230769,0.43157894736842106,0.4339622641509434,0.5849056603773585,0.625,0.7657657657657657,0.7596153846153846,0.6792452830188679,0.7777777777777778
CNN2D,0.5195767195767196,0.5812331872847654,0.5195767195767196,0.5219505565832997,102119,159.9413921000014,10.656823913332968,1.191697120666504,0.5021141649048626,1.180893672949164,1.416396507934055,0.15384615384615385,0.23157894736842105,0.2358490566037736,0.3867924528301887,0.5416666666666666,0.7027027027027027,0.7788461538461539,0.7641509433962265,0.811965811965812
